{"stats":{"minecraft:mined":{"minecraft:gray_carpet":1},"minecraft:custom":{"minecraft:jump":137,"minecraft:time_since_rest":7175,"minecraft:damage_dealt":15,"minecraft:leave_game":2,"minecraft:play_time":7175,"minecraft:sprint_one_cm":21123,"minecraft:time_since_death":7175,"minecraft:walk_one_cm":12130,"minecraft:total_world_time":7175,"minecraft:fall_one_cm":1684,"minecraft:fly_one_cm":79766},"minecraft:used":{"alexsmobs:animal_dictionary":1},"minecraft:picked_up":{"minecraft:gray_carpet":1}},"DataVersion":3465}