{"stats":{"minecraft:picked_up":{"morearmor:tnt_armor_leggings":1,"alexsmobs:shattered_dimensional_carver":1,"minecraft:allium":2,"minecraft:feather":1,"mca:comb":2,"morearmor:tnt_armor_helmet":1,"minecraft:porkchop":3,"alexsmobs:gazelle_horn":1,"minecraft:dirt":19,"alexsmobs:emu_feather":2,"minecraft:wheat_seeds":1,"morearmor:tnt_armor_boots":1,"alexsmobs:emu_egg":1,"minecraft:cobblestone":18,"minecraft:nether_star":1},"minecraft:used":{"alexsmobs:emu_egg":1,"mca:scythe":17,"alexsmobs:transmutation_table":2,"alexsmobs:ghostly_pickaxe":18,"alexsmobs:spawn_egg_blobfish":1,"alexsmobs:spawn_egg_roadrunner":1},"minecraft:dropped":{"minecraft:dirt":2,"morearmor:tnt_armor_leggings":1,"minecraft:wheat_seeds":1,"mca:comb":2,"morearmor:tnt_armor_boots":1,"alexsmobs:ghostly_pickaxe":1,"morearmor:tnt_armor_helmet":1},"minecraft:custom":{"minecraft:time_since_rest":10265,"minecraft:sprint_one_cm":43993,"minecraft:damage_taken":238,"minecraft:walk_one_cm":41541,"minecraft:mob_kills":4,"minecraft:drop":8,"minecraft:damage_dealt":1432,"minecraft:swim_one_cm":2373,"minecraft:player_kills":3,"minecraft:fly_one_cm":408065,"minecraft:open_chest":1,"minecraft:crouch_one_cm":1178,"minecraft:interact_with_loom":1,"minecraft:play_time":74575,"minecraft:deaths":1,"minecraft:sneak_time":250,"minecraft:walk_under_water_one_cm":584,"minecraft:jump":555,"minecraft:leave_game":1,"minecraft:time_since_death":10245,"minecraft:walk_on_water_one_cm":2402,"minecraft:total_world_time":74575,"minecraft:fall_one_cm":6969},"minecraft:killed_by":{"alexsmobs:rhinoceros":1},"minecraft:mined":{"minecraft:grass":1,"biomesoplenty:bush":1,"minecraft:stone":18,"minecraft:oak_leaves":4},"minecraft:killed":{"minecraft:pig":1,"alexsmobs:gazelle":1,"alexsmobs:emu":1}},"DataVersion":3465}