{"stats":{"minecraft:picked_up":{"morearmor:tnt_armor_leggings":1,"minecraft:feather":1,"mca:comb":1,"morearmor:tnt_armor_helmet":1,"minecraft:porkchop":3,"alexsmobs:gazelle_horn":1,"minecraft:dirt":4,"alexsmobs:emu_feather":2,"minecraft:wheat_seeds":1,"morearmor:tnt_armor_boots":1,"alexsmobs:emu_egg":1},"minecraft:used":{"alexsmobs:emu_egg":1,"mca:scythe":16,"alexsmobs:spawn_egg_blobfish":1,"alexsmobs:spawn_egg_roadrunner":1},"minecraft:dropped":{"minecraft:dirt":2,"morearmor:tnt_armor_leggings":1,"minecraft:wheat_seeds":1,"mca:comb":2,"morearmor:tnt_armor_boots":1,"morearmor:tnt_armor_helmet":1},"minecraft:custom":{"minecraft:time_since_rest":4338,"minecraft:sprint_one_cm":39185,"minecraft:damage_taken":238,"minecraft:walk_one_cm":31395,"minecraft:mob_kills":4,"minecraft:drop":7,"minecraft:damage_dealt":1310,"minecraft:swim_one_cm":2373,"minecraft:player_kills":2,"minecraft:fly_one_cm":327534,"minecraft:open_chest":1,"minecraft:crouch_one_cm":1178,"minecraft:play_time":68648,"minecraft:deaths":1,"minecraft:sneak_time":250,"minecraft:walk_under_water_one_cm":584,"minecraft:jump":490,"minecraft:time_since_death":4318,"minecraft:walk_on_water_one_cm":2319,"minecraft:total_world_time":68648,"minecraft:fall_one_cm":6969},"minecraft:killed_by":{"alexsmobs:rhinoceros":1},"minecraft:mined":{"minecraft:grass":1,"biomesoplenty:bush":1,"minecraft:oak_leaves":4},"minecraft:killed":{"minecraft:pig":1,"alexsmobs:gazelle":1,"alexsmobs:emu":1}},"DataVersion":3465}