{"stats":{"minecraft:custom":{"minecraft:jump":188,"minecraft:time_since_rest":59435,"minecraft:damage_dealt":185,"minecraft:walk_on_water_one_cm":827,"minecraft:sprint_one_cm":17309,"minecraft:play_time":59435,"minecraft:time_since_death":59435,"minecraft:walk_one_cm":14032,"minecraft:sneak_time":1,"minecraft:total_world_time":59435,"minecraft:mob_kills":2,"minecraft:fall_one_cm":627,"minecraft:fly_one_cm":199252,"minecraft:open_chest":1},"minecraft:used":{"mca:scythe":2,"alexsmobs:spawn_egg_roadrunner":1,"alexsmobs:spawn_egg_blobfish":1},"minecraft:picked_up":{"minecraft:porkchop":3},"minecraft:killed":{"minecraft:pig":1}},"DataVersion":3465}