{"stats":{"minecraft:custom":{"minecraft:time_since_rest":12394,"minecraft:open_chest":2,"minecraft:crouch_one_cm":54,"minecraft:play_time":12394,"minecraft:sprint_one_cm":3354,"minecraft:walk_one_cm":6415,"minecraft:sneak_time":424,"minecraft:mob_kills":1,"minecraft:drop":2,"minecraft:jump":34,"minecraft:damage_dealt":479,"minecraft:leave_game":1,"minecraft:walk_on_water_one_cm":2394,"minecraft:time_since_death":12394,"minecraft:total_world_time":12394,"minecraft:interact_with_cartography_table":1,"minecraft:fall_one_cm":418,"minecraft:fly_one_cm":93103},"minecraft:used":{"minecraft:netherite_sword":8,"alexsmobs:spawn_egg_warped_mosco":2,"alexsmobs:spawn_egg_tasmanian_devil":1,"minecraft:map":1,"alexsmobs:spawn_egg_guster":1,"alexsmobs:animal_dictionary":1},"minecraft:picked_up":{"alexsmobs:warped_muscle":1,"alexsmobs:hemolymph_sac":2},"minecraft:killed":{"alexsmobs:elephant":1},"minecraft:dropped":{"alexsmobs:spawn_egg_tasmanian_devil":1,"mca:book_romance":1}},"DataVersion":3465}