{"stats":{"minecraft:picked_up":{"morearmor:tnt_armor_leggings":3,"morearmor:tnt_armor_chestplate":2,"mca:comb":1,"minecraft:wheat_seeds":1,"morearmor:tnt_armor_boots":2,"morearmor:tnt_armor_helmet":1,"minecraft:oak_log":1,"alexsmobs:ghostly_pickaxe":1,"minecraft:dirt":2},"minecraft:used":{"morearmor:tnt_armor_leggings":1,"morearmor:tnt_armor_boots":1,"alexsmobs:animal_dictionary":1,"morearmor:tnt_armor_chestplate":1,"morearmor:tnt_armor_helmet":1},"minecraft:dropped":{"alexsmobs:shattered_dimensional_carver":1,"morearmor:tnt_armor_leggings":1,"mca:book_romance":1,"minecraft:wheat_seeds":1,"mca:comb":1,"alexsmobs:animal_dictionary":1},"minecraft:custom":{"minecraft:time_since_rest":5394,"minecraft:play_time":14498,"minecraft:sprint_one_cm":32881,"minecraft:walk_one_cm":20402,"minecraft:damage_taken":1131,"minecraft:deaths":4,"minecraft:walk_under_water_one_cm":372,"minecraft:mob_kills":1,"minecraft:drop":6,"minecraft:jump":224,"minecraft:leave_game":1,"minecraft:damage_dealt":98,"minecraft:time_since_death":5312,"minecraft:walk_on_water_one_cm":1435,"minecraft:total_world_time":14498,"minecraft:swim_one_cm":4065,"minecraft:fall_one_cm":8068,"minecraft:fly_one_cm":50492},"minecraft:killed_by":{"minecraft:player":3,"alexsmobs:kangaroo":1},"minecraft:mined":{"minecraft:grass":8,"minecraft:oak_log":1,"minecraft:grass_block":1,"minecraft:dirt":1,"minecraft:lilac":1,"minecraft:oak_leaves":3},"minecraft:killed":{"alexsmobs:crow":1}},"DataVersion":3465}