{"stats":{"minecraft:picked_up":{"morearmor:tnt_armor_leggings":1,"morearmor:tnt_armor_chestplate":1,"mca:comb":1,"minecraft:wheat_seeds":1,"morearmor:tnt_armor_boots":1,"morearmor:tnt_armor_helmet":1,"minecraft:dirt":2},"minecraft:used":{"morearmor:tnt_armor_leggings":1,"morearmor:tnt_armor_boots":1,"alexsmobs:animal_dictionary":1,"morearmor:tnt_armor_chestplate":1,"morearmor:tnt_armor_helmet":1},"minecraft:dropped":{"mca:book_romance":1,"minecraft:wheat_seeds":1,"mca:comb":1,"alexsmobs:animal_dictionary":1},"minecraft:custom":{"minecraft:time_since_rest":38,"minecraft:play_time":8352,"minecraft:sprint_one_cm":25485,"minecraft:walk_one_cm":13129,"minecraft:damage_taken":750,"minecraft:deaths":3,"minecraft:walk_under_water_one_cm":372,"minecraft:drop":4,"minecraft:jump":164,"minecraft:damage_dealt":18,"minecraft:time_since_death":0,"minecraft:walk_on_water_one_cm":1435,"minecraft:total_world_time":8352,"minecraft:swim_one_cm":4065,"minecraft:fall_one_cm":6373,"minecraft:fly_one_cm":36453},"minecraft:killed_by":{"minecraft:player":2,"alexsmobs:kangaroo":1},"minecraft:mined":{"minecraft:grass":8,"minecraft:grass_block":1,"minecraft:dirt":1,"minecraft:lilac":1,"minecraft:oak_leaves":1}},"DataVersion":3465}